{"cameraMode":{"drawMode":0,"name":"Shaded","section":"Shading Mode"},"sceneLighting":true,"audioPlay":false,"sceneViewState":{"m_AlwaysRefresh":false,"showFog":true,"showSkybox":true,"showFlares":true,"showImageEffects":true,"showParticleSystems":true,"showVisualEffectGraphs":true,"m_FxEnabled":true},"in2DMode":false,"pivot":{"x":602.886962890625,"y":232.09744262695313,"z":-0.7198333740234375},"rotation":{"x":0.03599201887845993,"y":0.0020996693056076767,"z":-0.00007897510658949614,"w":0.9993566274642944},"size":265.3995056152344,"orthographic":false}