{"cameraMode":{"drawMode":0,"name":"Shaded","section":"Shading Mode"},"sceneLighting":true,"audioPlay":false,"sceneViewState":{"m_AlwaysRefresh":false,"showFog":true,"showSkybox":true,"showFlares":true,"showImageEffects":true,"showParticleSystems":true,"showVisualEffectGraphs":true,"m_FxEnabled":true},"in2DMode":false,"pivot":{"x":682.2798461914063,"y":341.7174072265625,"z":72.51617431640625},"rotation":{"x":-0.011405696161091328,"y":0.017398152500391008,"z":-0.00017611522343941033,"w":-0.9997984170913696},"size":471.21099853515627,"orthographic":false}