{"cameraMode":{"drawMode":0,"name":"Shaded","section":"Shading Mode"},"sceneLighting":false,"audioPlay":false,"sceneViewState":{"m_AlwaysRefresh":false,"showFog":true,"showSkybox":false,"showFlares":true,"showImageEffects":true,"showParticleSystems":true,"showVisualEffectGraphs":true,"m_FxEnabled":true},"in2DMode":false,"pivot":{"x":0.027133464813232423,"y":0.20880043506622315,"z":-4.999638557434082},"rotation":{"x":-0.20762449502944947,"y":0.5005583763122559,"z":-0.12504933774471284,"w":-0.8310914039611816},"size":6.191944122314453,"orthographic":false}